R@10,R@50,duration_seconds,epoch,evaluated,lr_composition,lr_image_encoder,lr_text_encoder,peak_allocated_gib,peak_reserved_gib,timestamp_utc,train_loss
,,139.571,1,False,0.0003,1e-05,1e-05,5.379,5.598,2026-07-13T08:16:35.551593+00:00,1.9017770038569037
,,138.572,2,False,0.00029979511544580873,9.993832906395583e-06,9.993832906395583e-06,5.374,5.598,2026-07-13T08:18:57.850705+00:00,1.6595550193028017
,,134.746,3,False,0.0002991810233575568,9.97534852915723e-06,9.97534852915723e-06,5.382,5.602,2026-07-13T08:21:27.278736+00:00,1.4183565923236907
,,138.435,4,False,0.00029815940691897306,9.94459753267812e-06,9.94459753267812e-06,5.389,5.602,2026-07-13T08:24:03.453483+00:00,1.209839533277374
14.229053049082797,36.68815071888944,151.656,5,True,0.0002967330663097039,9.901664203302126e-06,9.901664203302126e-06,5.379,5.602,2026-07-13T08:26:49.454688+00:00,1.0925282290115714
,,139.588,6,False,0.00029490591103021566,9.846666218300808e-06,9.846666218300808e-06,5.377,5.602,2026-07-13T08:29:27.540721+00:00,1.0098459414619814
,,137.863,7,False,0.0002926829491861254,9.779754323328192e-06,9.779754323328192e-06,5.382,5.602,2026-07-13T08:32:02.383725+00:00,0.9533833536234769
,,134.609,8,False,0.0002900702737613316,9.701111919237408e-06,9.701111919237408e-06,5.379,5.602,2026-07-13T08:34:32.329495+00:00,0.8898995412702866
,,138.009,9,False,0.00028707504591756876,9.610954559391704e-06,9.610954559391704e-06,5.382,5.602,2026-07-13T08:37:07.629581+00:00,0.8540973706360169
18.0466038671294,43.97620228061477,146.912,10,True,0.0002837054753661609,9.509529358847657e-06,9.509529358847657e-06,5.391,5.602,2026-07-13T08:39:50.061120+00:00,0.8289424231983124
,,139.439,11,False,0.00027997079786577355,9.397114317029977e-06,9.397114317029977e-06,5.38,5.602,2026-07-13T08:42:43.205208+00:00,0.7965984060005709
,,139.984,12,False,0.00027588124990784085,9.27401755575441e-06,9.27401755575441e-06,5.374,5.602,2026-07-13T08:45:17.937823+00:00,0.7663451140736514
,,136.307,13,False,0.0002714480406590546,9.140576474687265e-06,9.140576474687265e-06,5.379,5.602,2026-07-13T08:47:49.745850+00:00,0.7545383194869852
,,137.285,14,False,0.00026668332123781714,8.99715682655637e-06,8.99715682655637e-06,5.391,5.602,2026-07-13T08:50:23.306109+00:00,0.7232374571223947
18.294496777392165,42.98463063956371,143.998,15,True,0.00026160015140887043,8.844151714648274e-06,8.844151714648274e-06,5.391,5.602,2026-07-13T08:53:01.548804+00:00,0.7128297594938686
,,118.658,16,False,0.00025621246378738883,8.681980515339464e-06,8.681980515339464e-06,5.384,5.602,2026-07-13T08:55:17.333110+00:00,0.7100868014728322
,,126.9,17,False,0.0002505350256506493,8.511087728614861e-06,8.511087728614861e-06,5.379,5.602,2026-07-13T08:57:40.603325+00:00,0.6901247812146172
,,127.843,18,False,0.00024458339846195065,8.331941759724268e-06,8.331941759724268e-06,5.387,5.602,2026-07-13T09:00:03.237175+00:00,0.6801532208122671
,,137.116,19,False,0.00023837389521772466,8.145033635316128e-06,8.145033635316128e-06,5.383,5.602,2026-07-13T09:02:38.895839+00:00,0.6709386924690104
19.43480416460089,44.47198810114031,147.195,20,True,0.00023192353573474648,7.950875657567622e-06,7.950875657567622e-06,5.373,5.602,2026-07-13T09:05:20.829039+00:00,0.6617635602460188
,,136.895,21,False,0.00022524999999999992,7.75e-06,7.75e-06,5.379,5.602,2026-07-13T09:08:13.160565+00:00,0.6489666479634729
,,136.22,22,False,0.00021837157971106217,7.542957248827961e-06,7.542957248827961e-06,5.384,5.602,2026-07-13T09:10:46.096097+00:00,0.6404589942113601
,,136.653,23,False,0.0002113071281398321,7.3303148938411025e-06,7.3303148938411025e-06,5.383,5.602,2026-07-13T09:13:19.415311+00:00,0.63672569250678
,,137.374,24,False,0.00020407600845702238,7.112655772953854e-06,7.112655772953854e-06,5.389,5.602,2026-07-13T09:15:51.790541+00:00,0.6295313149849999
19.682697074863658,43.6291522062469,150.045,25,True,0.0001966980406590546,6.890576474687265e-06,6.890576474687265e-06,5.381,5.602,2026-07-13T09:18:36.816354+00:00,0.6214626778893292
,,137.682,26,False,0.00018919344724282683,6.664685702961345e-06,6.664685702961345e-06,5.37,5.602,2026-07-13T09:21:11.008300+00:00,0.6116999423599498
,,133.391,27,False,0.00018158279777725497,6.4356026086799176e-06,6.4356026086799176e-06,5.364,5.602,2026-07-13T09:23:41.965549+00:00,0.6109212354861479
,,130.39,28,False,0.00017388695252351449,6.20395509268104e-06,6.20395509268104e-06,5.391,5.602,2026-07-13T09:26:10.379709+00:00,0.6059105191479393
,,134.223,29,False,0.00016612700525851415,5.970378084704442e-06,5.970378084704442e-06,5.384,5.602,2026-07-13T09:28:44.275123+00:00,0.6032278013022189
18.542389687654932,44.22409519087754,145.657,30,True,0.00015832422545832003,5.7355118030932474e-06,5.7355118030932474e-06,5.385,5.602,2026-07-13T09:31:29.606524+00:00,0.5954894291207115
,,135.299,31,False,0.0001505,5.5000000000000016e-06,5.5000000000000016e-06,5.382,5.602,2026-07-13T09:34:02.863863+00:00,0.6003415543924678
,,146.186,32,False,0.00014267577454167988,5.264488196906754e-06,5.264488196906754e-06,5.374,5.602,2026-07-13T09:36:48.582479+00:00,0.5875045796607268
,,140.107,33,False,0.0001348729947414858,5.02962191529556e-06,5.02962191529556e-06,5.384,5.602,2026-07-13T09:39:26.921383+00:00,0.5868407371528646
,,139.855,34,False,0.00012711304747648546,4.796044907318961e-06,4.796044907318961e-06,5.382,5.602,2026-07-13T09:42:05.051622+00:00,0.5796957069778825
19.930589985126428,43.18294496777392,158.477,35,True,0.00011941720222274495,4.564397391320083e-06,4.564397391320083e-06,5.391,5.602,2026-07-13T09:45:03.127284+00:00,0.5783534866364245
,,144.761,36,False,0.00011180655275717316,4.335314297038658e-06,4.335314297038658e-06,5.391,5.602,2026-07-13T09:47:47.399217+00:00,0.5747656093482028
,,146.189,37,False,0.00010430195934094536,4.109423525312738e-06,4.109423525312738e-06,5.391,5.602,2026-07-13T09:50:33.083272+00:00,0.5756259411174983
,,142.309,38,False,9.69239915429776e-05,3.88734422704615e-06,3.88734422704615e-06,5.391,5.602,2026-07-13T09:53:14.426264+00:00,0.5692030082252574
,,142.175,39,False,8.969287186016789e-05,3.6696851061589014e-06,3.6696851061589014e-06,5.383,5.602,2026-07-13T09:55:56.634216+00:00,0.5628968395571657
18.98859692612791,43.18294496777392,152.628,40,True,8.262842028893776e-05,3.4570427511720416e-06,3.4570427511720416e-06,5.38,5.602,2026-07-13T09:58:47.173677+00:00,0.5632964582605795
,,126.477,41,False,7.575000000000004e-05,3.2500000000000028e-06,3.2500000000000028e-06,5.38,5.602,2026-07-13T10:01:11.380387+00:00,0.560045740422718
,,145.678,42,False,6.907646426525351e-05,3.0491243424323813e-06,3.0491243424323813e-06,5.38,5.602,2026-07-13T10:03:56.997422+00:00,0.5595548681237481
,,125.546,43,False,6.26261047822753e-05,2.8549663646838734e-06,2.8549663646838734e-06,5.372,5.602,2026-07-13T10:06:21.564337+00:00,0.5591947996919168
,,138.056,44,False,5.641660153804934e-05,2.668058240275734e-06,2.668058240275734e-06,5.377,5.602,2026-07-13T10:08:56.476416+00:00,0.5517361373665498
19.533961328706,44.32325235498264,145.612,45,True,5.046497434935076e-05,2.488912271385141e-06,2.488912271385141e-06,5.384,5.602,2026-07-13T10:11:38.185637+00:00,0.5539666613075822
,,136.167,46,False,4.478753621261117e-05,2.318019484660538e-06,2.318019484660538e-06,5.38,5.602,2026-07-13T10:14:13.833335+00:00,0.5510268585089056
,,134.074,47,False,3.93998485911296e-05,2.155848285351728e-06,2.155848285351728e-06,5.382,5.602,2026-07-13T10:16:48.509663+00:00,0.5538153564308417
,,135.729,48,False,3.431667876218286e-05,2.002843173443632e-06,2.002843173443632e-06,5.372,5.602,2026-07-13T10:19:23.627910+00:00,0.5511723379081583
,,136.128,49,False,2.9551959340945383e-05,1.859423525312738e-06,1.859423525312738e-06,5.379,5.602,2026-07-13T10:21:59.101343+00:00,0.5457130713577576
19.484382746653445,44.273673772930096,147.442,50,True,2.511875009215913e-05,1.7259824442455929e-06,1.7259824442455929e-06,5.371,5.602,2026-07-13T10:24:45.527990+00:00,0.5488047969930949
,,135.712,51,False,2.1029202134226422e-05,1.6028856829700262e-06,1.6028856829700262e-06,5.382,5.602,2026-07-13T10:27:22.115788+00:00,0.5453420880245653
,,136.861,52,False,1.7294524633839024e-05,1.4904706411523453e-06,1.4904706411523453e-06,5.391,5.602,2026-07-13T10:29:58.444720+00:00,0.5482039489051237
,,135.826,53,False,1.392495408243116e-05,1.389045440608296e-06,1.389045440608296e-06,5.389,5.602,2026-07-13T10:32:33.122878+00:00,0.5469825694905245
,,136.174,54,False,1.0929726238668344e-05,1.2988880807625924e-06,1.2988880807625924e-06,5.374,5.602,2026-07-13T10:35:09.713159+00:00,0.5420463368854421
19.781854238968766,44.32325235498264,145.218,55,True,8.31705081387455e-06,1.2202456766718092e-06,1.2202456766718092e-06,5.384,5.602,2026-07-13T10:37:54.841726+00:00,0.5391091369291677
,,136.547,56,False,6.09408896978429e-06,1.1533337816991927e-06,1.1533337816991927e-06,5.381,5.602,2026-07-13T10:40:55.837377+00:00,0.5423831640080334
,,136.911,57,False,4.266933690296051e-06,1.0983357966978744e-06,1.0983357966978744e-06,5.38,5.602,2026-07-13T10:43:32.559096+00:00,0.5435030914165757
,,135.216,58,False,2.840593081026921e-06,1.0554024673218806e-06,1.0554024673218806e-06,5.382,5.602,2026-07-13T10:46:09.632017+00:00,0.5420908936284443
,,137.391,59,False,1.818976642443127e-06,1.0246514708427697e-06,1.0246514708427697e-06,5.391,5.602,2026-07-13T10:48:52.187222+00:00,0.5395223796367645
19.633118492811104,44.76945959345563,150.16,60,True,1.204884554191212e-06,1.0061670936044177e-06,1.0061670936044177e-06,5.391,5.602,2026-07-13T10:51:44.812544+00:00,0.5417506841414752
